timestamp,product_dropdown,description,product_name,benefits,key_message,gender,generation,psychotype,business_stage,industry,opf,chosen_approach,comment,model,prompt,final_prompt,sms,comment_sms,corrected_sms
1737625775.4200733,онлайн-кредит,"Онлайн-кредит для бизнеса. Подходит для любых бизнес-целей: реализации контрактов, покупки оборудования, финансирования расходов, рефинансирования кредитов в других банках. Срок — до 3 лет. Сумма — от 100 000 рублей до 5 000 000 рублей. Ставка — от 35,5% до 38,5% годовых. Для оформления нужно подать заявку онлайн в интернет-банке СберБизнес.",онлайн-кредит,"Решение по заявке и выдача — от 3 минут.

Без посещения офиса банка.

Без залога.

Возможно снизить ставку на 2% для ООО, на 3% для ИП.",Оформление онлайн и деньги на счёте от 3 минут.,Не выбрано,X,,,Не выбрано,Не выбрано,Указание на пользу,SMS для данных параметров персонализации ОТСУТСТВУЕТ в базе,GigaChat-Pro (T=1.0),"Напиши три или четыре предложения суммарной длиной от 160 до 250 знаков с учетом пробелов. Начни SMS с указания на пользу продукта. Используй глагол в побудительном наклонении. Не начинай с вопроса. 
Напиши рекламное SMS для следующего продукта:
«Онлайн-кредит для бизнеса. Подходит для любых бизнес-целей: реализации контрактов, покупки оборудования, финансирования расходов, рефинансирования кредитов в других банках. Срок — до 3 лет. Сумма — от 100 000 рублей до 5 000 000 рублей. Ставка — от 35,5% до 38,5% годовых. Для оформления нужно подать заявку онлайн в интернет-банке СберБизнес.».
Не изменяй название продукта: «онлайн-кредит».
Преимущества:
«Решение по заявке и выдача — от 3 минут.

Без посещения офиса банка.

Без залога.

Возможно снизить ставку на 2% для ООО, на 3% для ИП.».
ОБЯЗАТЕЛЬНО используй в SMS один или несколько терминов, касающиеся клиента, которому направляется SMS, из КАЖДОЙ группы:
1. надежность, стабильность, опыт.
Убедись, что написал не меньше трех и не больше четырех предложений суммарной длиной от 160 до 250 знаков с учетом пробелов.
Убедись, что SMS начинается с указания на пользу продукта и использования глагола в побудительном наклонении и не начинается с вопроса.
Убедись, что УМЕСТНО использовал КАЖДЫЙ необходимый термин.
Убедись, что в SMS без изменений, синонимов и перестановок слов используется наименование продукта: «онлайн-кредит».
Убедись, что в SMS есть следующая ключевая информация: «Оформление онлайн и деньги на счёте от 3 минут.».","Напиши три или четыре предложения суммарной длиной от 160 до 250 знаков с учетом пробелов. Начни SMS с указания на пользу продукта. Используй глагол в побудительном наклонении. Не начинай с вопроса. Напиши рекламное SMS для следующего продукта:
«Онлайн-кредит для бизнеса. Подходит для любых бизнес-целей: реализации контрактов, покупки оборудования, финансирования расходов, рефинансирования кредитов в других банках. Срок — до 3 лет. Сумма — от 100 000 рублей до 5 000 000 рублей. Ставка — от 35,5% до 38,5% годовых. Для оформления нужно подать заявку онлайн в интернет-банке СберБизнес.».
Не изменяй название продукта: «онлайн-кредит».
Преимущества:
«Решение по заявке и выдача — от 3 минут. Без посещения офиса банка. Без залога. Возможно снизить ставку на 2% для ООО, на 3% для ИП.».
ОБЯЗАТЕЛЬНО используй в SMS один или несколько терминов, касающиеся клиента, которому направляется SMS, из КАЖДОЙ группы:
1. надежность, стабильность, опыт.
Убедись, что написал не меньше трех и не больше четырех предложений суммарной длиной от 160 до 250 знаков с учетом пробелов.
Убедись, что SMS начинается с указания на пользу продукта и использования глагола в побудительном наклонении и не начинается с вопроса.
Убедись, что УМЕСТНО использовал КАЖДЫЙ необходимый термин.
Убедись, что в SMS без изменений, синонимов и перестановок слов используется наименование продукта: «онлайн-кредит».
Убедись, что в SMS есть следующая ключевая информация: «Оформление онлайн и деньги на счёте от 3 минут.».","Онлайн-кредит для бизнеса — решение любых задач! Оформите кредит онлайн в СберБизнес и получите деньги на счёт от 3 минут. Надёжное финансирование без визита в банк и залога. Понизьте ставку на 2% для ООО и 3% для ИП.

------
Количество знаков: 217",,"Оформите онлайн-кредит в СберБизнесе — деньги на счёте от 3 минут, без залога и визита в банк. Получите возможность снизить ставку на 2% для ООО и 3% для ИП."
1737639396.2752397,онлайн-кредит,"Онлайн-кредит для бизнеса. Подходит для любых бизнес-целей: реализации контрактов, покупки оборудования, финансирования расходов, рефинансирования кредитов в других банках. Срок — до 3 лет. Сумма — от 100 000 рублей до 5 000 000 рублей. Ставка — от 35,5% до 38,5% годовых. Для оформления нужно подать заявку онлайн в интернет-банке СберБизнес.",онлайн-кредит,"Решение по заявке и выдача — от 3 минут.

Без посещения офиса банка.

Без залога.

Возможно снизить ставку на 2% для ООО, на 3% для ИП.",Оформление онлайн и деньги на счёте от 3 минут.,Не выбрано,X,,,Не выбрано,ИП,Указание на пользу,SMS для данных параметров персонализации ОТСУТСТВУЕТ в базе,GigaChat-Max (T=1.0),"Напиши три или четыре предложения суммарной длиной от 160 до 250 знаков с учетом пробелов. Начни SMS с указания на пользу продукта. Используй глагол в побудительном наклонении. Не начинай с вопроса. 
Напиши рекламное SMS для следующего продукта:
«Онлайн-кредит для бизнеса. Подходит для любых бизнес-целей: реализации контрактов, покупки оборудования, финансирования расходов, рефинансирования кредитов в других банках. Срок — до 3 лет. Сумма — от 100 000 рублей до 5 000 000 рублей. Ставка — от 35,5% до 38,5% годовых. Для оформления нужно подать заявку онлайн в интернет-банке СберБизнес.».
Не изменяй название продукта: «онлайн-кредит».
Преимущества:
«Решение по заявке и выдача — от 3 минут.

Без посещения офиса банка.

Без залога.

Возможно снизить ставку на 2% для ООО, на 3% для ИП.».
ОБЯЗАТЕЛЬНО включи в SMS:
1. надежность, стабильность, опыт.
2. предприниматель, ИП.
Убедись, что написал не меньше трех и не больше четырех предложений суммарной длиной от 160 до 250 знаков с учетом пробелов.
Убедись, что SMS начинается с указания на пользу продукта и использования глагола в побудительном наклонении и не начинается с вопроса.
Убедись, что в SMS без изменений, синонимов и перестановок слов используется наименование продукта: «онлайн-кредит».
Убедись, что в SMS есть следующая ключевая информация: «Оформление онлайн и деньги на счёте от 3 минут.».","Напиши три или четыре предложения суммарной длиной от 160 до 250 знаков с учетом пробелов. Начни SMS с указания на пользу продукта. Используй глагол в побудительном наклонении. Не начинай с вопроса. Напиши рекламное SMS для следующего продукта:
«Онлайн-кредит для бизнеса. Подходит для любых бизнес-целей: реализации контрактов, покупки оборудования, финансирования расходов, рефинансирования кредитов в других банках. Срок — до 3 лет. Сумма — от 100 000 рублей до 5 000 000 рублей. Ставка — от 35,5% до 38,5% годовых. Для оформления нужно подать заявку онлайн в интернет-банке СберБизнес.».
Не изменяй название продукта: «онлайн-кредит».
Преимущества:
«Решение по заявке и выдача — от 3 минут. Без посещения офиса банка. Без залога. Возможно снизить ставку на 2% для ООО, на 3% для ИП.».
ОБЯЗАТЕЛЬНО включи в SMS:
1. надежность, стабильность, опыт.
2. предприниматель, ИП.
Убедись, что написал не меньше трех и не больше четырех предложений суммарной длиной от 160 до 250 знаков с учетом пробелов.
Убедись, что SMS начинается с указания на пользу продукта и использования глагола в побудительном наклонении и не начинается с вопроса.
Убедись, что в SMS без изменений, синонимов и перестановок слов используется наименование продукта: «онлайн-кредит».
Убедись, что в SMS есть следующая ключевая информация: «Оформление онлайн и деньги на счёте от 3 минут.».","Ускорьте развитие своего бизнеса с надёжным онлайн-кредитом! Оформите кредит быстро и удобно через интернет-банк СберБизнес — решение за 3 минуты. Без визита в офис и без залога. Специальные условия для предпринимателей и ИП: снижение ставки до 3%.

------
Количество знаков: 248",,"Ускорьте развитие своего бизнеса с надёжным онлайн-кредитом! Оформите кредит быстро и удобно через интернет-банк СберБизнес — решение за 3 минуты, без залога и визита в офис, скидка на ставку до 3%."
1737640145.130509,онлайн-кредит,"Онлайн-кредит для бизнеса. Подходит для любых бизнес-целей: реализации контрактов, покупки оборудования, финансирования расходов, рефинансирования кредитов в других банках. Срок — до 3 лет. Сумма — от 100 000 рублей до 5 000 000 рублей. Ставка — от 35,5% до 38,5% годовых. Для оформления нужно подать заявку онлайн в интернет-банке СберБизнес.",онлайн-кредит,"Решение по заявке и выдача — от 3 минут.

Без посещения офиса банка.

Без залога.

Возможно снизить ставку на 2% для ООО, на 3% для ИП.",Оформление онлайн и деньги на счёте от 3 минут.,Не выбрано,X,,,Не выбрано,ООО,Указание на пользу,SMS для данных параметров персонализации ОТСУТСТВУЕТ в базе,GigaChat-Max (T=1.0),"Напиши три или четыре предложения суммарной длиной от 160 до 250 знаков с учетом пробелов. Начни SMS с указания на пользу продукта. Используй глагол в побудительном наклонении. Не начинай с вопроса. 
Напиши рекламное SMS для следующего продукта:
«Онлайн-кредит для бизнеса. Подходит для любых бизнес-целей: реализации контрактов, покупки оборудования, финансирования расходов, рефинансирования кредитов в других банках. Срок — до 3 лет. Сумма — от 100 000 рублей до 5 000 000 рублей. Ставка — от 35,5% до 38,5% годовых. Для оформления нужно подать заявку онлайн в интернет-банке СберБизнес.».
Не изменяй название продукта: «онлайн-кредит».
Преимущества:
«Решение по заявке и выдача — от 3 минут.

Без посещения офиса банка.

Без залога.

Возможно снизить ставку на 2% для ООО, на 3% для ИП.».
ОБЯЗАТЕЛЬНО включи в SMS:
1. надежность, стабильность, опыт.
2. управление, сотрудники, команда, компания, штат, корпоративный.
Убедись, что написал не меньше трех и не больше четырех предложений суммарной длиной от 160 до 250 знаков с учетом пробелов.
Убедись, что SMS начинается с указания на пользу продукта и использования глагола в побудительном наклонении и не начинается с вопроса.
Убедись, что в SMS без изменений, синонимов и перестановок слов используется наименование продукта: «онлайн-кредит».
Убедись, что в SMS есть следующая ключевая информация: «Оформление онлайн и деньги на счёте от 3 минут.».","Напиши три или четыре предложения суммарной длиной от 160 до 250 знаков с учетом пробелов. Начни SMS с указания на пользу продукта. Используй глагол в побудительном наклонении. Не начинай с вопроса. Напиши рекламное SMS для следующего продукта:
«Онлайн-кредит для бизнеса. Подходит для любых бизнес-целей: реализации контрактов, покупки оборудования, финансирования расходов, рефинансирования кредитов в других банках. Срок — до 3 лет. Сумма — от 100 000 рублей до 5 000 000 рублей. Ставка — от 35,5% до 38,5% годовых. Для оформления нужно подать заявку онлайн в интернет-банке СберБизнес.».
Не изменяй название продукта: «онлайн-кредит».
Преимущества:
«Решение по заявке и выдача — от 3 минут. Без посещения офиса банка. Без залога. Возможно снизить ставку на 2% для ООО, на 3% для ИП.».
ОБЯЗАТЕЛЬНО включи в SMS:
1. надежность, стабильность, опыт.
2. управление, сотрудники, команда, компания, штат, корпоративный.
Убедись, что написал не меньше трех и не больше четырех предложений суммарной длиной от 160 до 250 знаков с учетом пробелов.
Убедись, что SMS начинается с указания на пользу продукта и использования глагола в побудительном наклонении и не начинается с вопроса.
Убедись, что в SMS без изменений, синонимов и перестановок слов используется наименование продукта: «онлайн-кредит».
Убедись, что в SMS есть следующая ключевая информация: «Оформление онлайн и деньги на счёте от 3 минут.».","Получите онлайн-кредит для решения корпоративных задач быстро и удобно! Оформление онлайн и деньги на счёте от 3 минут. Наша надёжная команда поможет вашему бизнесу расти и развиваться стабильно.

------
Количество знаков: 195",,Оформите онлайн-кредит для решения корпоративных задач. Подайте заявку в СберБизнесе и получите скидку на ставку до 2%. Деньги поступят на счёт от 3 минут — быстро и надёжно!
1737642743.426644,онлайн-кредит,"Онлайн-кредит для бизнеса. Подходит для любых бизнес-целей: реализации контрактов, покупки оборудования, финансирования расходов, рефинансирования кредитов в других банках. Срок — до 3 лет. Сумма — от 100 000 рублей до 5 000 000 рублей. Ставка — от 35,5% до 38,5% годовых. Для оформления нужно подать заявку онлайн в интернет-банке СберБизнес.",онлайн-кредит,"Решение по заявке и выдача — от 3 минут.

Без посещения офиса банка.

Без залога.

Возможно снизить ставку на 2% для ООО, на 3% для ИП.",Оформление онлайн и деньги на счёте от 3 минут.,Не выбрано,X,,,Услуги,Не выбрано,Указание на пользу,SMS для данных параметров персонализации ОТСУТСТВУЕТ в базе,GigaChat-Max (T=1.0),"Напиши три или четыре предложения суммарной длиной от 160 до 250 знаков с учетом пробелов. Начни SMS с указания на пользу продукта. Используй глагол в побудительном наклонении. Не начинай с вопроса. 
Напиши рекламное SMS для следующего продукта:
«Онлайн-кредит для бизнеса. Подходит для любых бизнес-целей: реализации контрактов, покупки оборудования, финансирования расходов, рефинансирования кредитов в других банках. Срок — до 3 лет. Сумма — от 100 000 рублей до 5 000 000 рублей. Ставка — от 35,5% до 38,5% годовых. Для оформления нужно подать заявку онлайн в интернет-банке СберБизнес.».
Не изменяй название продукта: «онлайн-кредит».
Преимущества:
«Решение по заявке и выдача — от 3 минут.

Без посещения офиса банка.

Без залога.

Возможно снизить ставку на 2% для ООО, на 3% для ИП.».
ОБЯЗАТЕЛЬНО включи в SMS:
1. надежность, стабильность, опыт.
2. репутация, персонал, рекомендация.
Убедись, что написал не меньше трех и не больше четырех предложений суммарной длиной от 160 до 250 знаков с учетом пробелов.
Убедись, что SMS начинается с указания на пользу продукта и использования глагола в побудительном наклонении и не начинается с вопроса.
Убедись, что в SMS без изменений, синонимов и перестановок слов используется наименование продукта: «онлайн-кредит».
Убедись, что в SMS есть следующая ключевая информация: «Оформление онлайн и деньги на счёте от 3 минут.».","Напиши три или четыре предложения суммарной длиной от 160 до 250 знаков с учетом пробелов. Начни SMS с указания на пользу продукта. Используй глагол в побудительном наклонении. Не начинай с вопроса. Напиши рекламное SMS для следующего продукта:
«Онлайн-кредит для бизнеса. Подходит для любых бизнес-целей: реализации контрактов, покупки оборудования, финансирования расходов, рефинансирования кредитов в других банках. Срок — до 3 лет. Сумма — от 100 000 рублей до 5 000 000 рублей. Ставка — от 35,5% до 38,5% годовых. Для оформления нужно подать заявку онлайн в интернет-банке СберБизнес.».
Не изменяй название продукта: «онлайн-кредит».
Преимущества:
«Решение по заявке и выдача — от 3 минут. Без посещения офиса банка. Без залога. Возможно снизить ставку на 2% для ООО, на 3% для ИП.».
ОБЯЗАТЕЛЬНО включи в SMS:
1. надежность, стабильность, опыт.
2. репутация, персонал, рекомендация.
Убедись, что написал не меньше трех и не больше четырех предложений суммарной длиной от 160 до 250 знаков с учетом пробелов.
Убедись, что SMS начинается с указания на пользу продукта и использования глагола в побудительном наклонении и не начинается с вопроса.
Убедись, что в SMS без изменений, синонимов и перестановок слов используется наименование продукта: «онлайн-кредит».
Убедись, что в SMS есть следующая ключевая информация: «Оформление онлайн и деньги на счёте от 3 минут.».","Получите «онлайн-кредит» для своего бизнеса! Решение за 3 минуты, деньги на счету сразу после одобрения. Оформляйте кредит онлайн без визита в банк — быстро, удобно и надежно.

------
Количество знаков: 175","Убрать: кавычки в названии продукта, повторы
Ошибка: деньги на счёте, а не на счету
Добавить: ё, надёжный, сервис, клиенты","Получите онлайн-кредит на развитие своего бизнеса и повышайте качество сервиса! Решение за 3 минуты, деньги на счёте сразу после одобрения. Оформляйте без визита в банк — быстро, удобно и надёжно."
1737716325.397811,онлайн-кредит,"Онлайн-кредит для бизнеса. Подходит для любых бизнес-целей: реализации контрактов, покупки оборудования, финансирования расходов, рефинансирования кредитов в других банках. Срок — до 3 лет. Сумма — от 100 000 рублей до 5 000 000 рублей. Ставка — от 35,5% до 38,5% годовых. Для оформления нужно подать заявку онлайн в интернет-банке СберБизнес.",онлайн-кредит,"Решение по заявке и выдача — от 3 минут.

Без посещения офиса банка.

Без залога.

Возможно снизить ставку на 2% для ООО, на 3% для ИП.",Оформление онлайн и деньги на счёте от 3 минут.,Не выбрано,X,,,Услуги,ИП,Указание на пользу,SMS для данных параметров персонализации ОТСУТСТВУЕТ в базе,GigaChat-Max (T=1.0),"Напиши три или четыре предложения суммарной длиной от 160 до 250 знаков с учетом пробелов. Начни SMS с указания на пользу продукта. Используй глагол в побудительном наклонении. Не начинай с вопроса. 
Напиши рекламное SMS для следующего продукта:
«Онлайн-кредит для бизнеса. Подходит для любых бизнес-целей: реализации контрактов, покупки оборудования, финансирования расходов, рефинансирования кредитов в других банках. Срок — до 3 лет. Сумма — от 100 000 рублей до 5 000 000 рублей. Ставка — от 35,5% до 38,5% годовых. Для оформления нужно подать заявку онлайн в интернет-банке СберБизнес.».
Не изменяй название продукта: «онлайн-кредит».
Преимущества:
«Решение по заявке и выдача — от 3 минут.

Без посещения офиса банка.

Без залога.

Возможно снизить ставку на 2% для ООО, на 3% для ИП.».
ОБЯЗАТЕЛЬНО включи в SMS:
1. надежность, стабильность, опыт.
2. репутация, персонал, рекомендация.
3. предприниматель, ИП.
Убедись, что написал не меньше трех и не больше четырех предложений суммарной длиной от 160 до 250 знаков с учетом пробелов.
Убедись, что SMS начинается с указания на пользу продукта и использования глагола в побудительном наклонении и не начинается с вопроса.
Убедись, что в SMS без изменений, синонимов и перестановок слов используется наименование продукта: «онлайн-кредит».
Убедись, что в SMS есть следующая ключевая информация: «Оформление онлайн и деньги на счёте от 3 минут.».","Напиши три или четыре предложения суммарной длиной от 160 до 250 знаков с учетом пробелов. Начни SMS с указания на пользу продукта. Используй глагол в побудительном наклонении. Не начинай с вопроса. Напиши рекламное SMS для следующего продукта:
«Онлайн-кредит для бизнеса. Подходит для любых бизнес-целей: реализации контрактов, покупки оборудования, финансирования расходов, рефинансирования кредитов в других банках. Срок — до 3 лет. Сумма — от 100 000 рублей до 5 000 000 рублей. Ставка — от 35,5% до 38,5% годовых. Для оформления нужно подать заявку онлайн в интернет-банке СберБизнес.».
Не изменяй название продукта: «онлайн-кредит».
Преимущества:
«Решение по заявке и выдача — от 3 минут. Без посещения офиса банка. Без залога. Возможно снизить ставку на 2% для ООО, на 3% для ИП.».
ОБЯЗАТЕЛЬНО включи в SMS:
1. надежность, стабильность, опыт.
2. репутация, персонал, рекомендация.
3. предприниматель, ИП.
Убедись, что написал не меньше трех и не больше четырех предложений суммарной длиной от 160 до 250 знаков с учетом пробелов.
Убедись, что SMS начинается с указания на пользу продукта и использования глагола в побудительном наклонении и не начинается с вопроса.
Убедись, что в SMS без изменений, синонимов и перестановок слов используется наименование продукта: «онлайн-кредит».
Убедись, что в SMS есть следующая ключевая информация: «Оформление онлайн и деньги на счёте от 3 минут.».","Получите онлайн-кредит для развития вашего бизнеса! Оформление онлайн и деньги на счёте от 3 минут. Надёжный партнёр с опытом и стабильностью. Рекомендуем предпринимателям и ИП.

------
Количество знаков: 177","Предприниматели и ИП не должны встречаться в одном предложении, т.к. ИП = предприниматели. Персонализация должна состоять в упоминании условий для ИП, а не в слове «ИП».
Добавить: сервис, обслуживание, клиенты, качество (Услуги), уверенно, надёжно (Х).
Онлайн — повтор с онлайн-кредитом. Можем называть его просто «кредит», либо везде онлайн придётся заменять на интернет-банк/СберБизнес. ",Повышайте качество сервиса с онлайн-кредитом от Сбера. Подайте заявку в интернет-банке и получите скидку на ставку до 3%. Деньги поступят на счёт от 3 минут — быстро и надёжно. 
1737728925.300616,онлайн-кредит,"Онлайн-кредит для бизнеса. Подходит для любых бизнес-целей: реализации контрактов, покупки оборудования, финансирования расходов, рефинансирования кредитов в других банках. Срок — до 3 лет. Сумма — от 100 000 рублей до 5 000 000 рублей. Ставка — от 35,5% до 38,5% годовых. Для оформления нужно подать заявку онлайн в интернет-банке СберБизнес.",онлайн-кредит,"Решение по заявке и выдача — от 3 минут.

Без посещения офиса банка.

Без залога.

Возможно снизить ставку на 2% для ООО, на 3% для ИП.",Оформление онлайн и деньги на счёте от 3 минут.,Не выбрано,X,,,Услуги,ООО,Указание на пользу,SMS для данных параметров персонализации ОТСУТСТВУЕТ в базе,GigaChat-Max (T=1.0),"Напиши три или четыре предложения суммарной длиной от 160 до 250 знаков с учетом пробелов. Начни SMS с указания на пользу продукта. Используй глагол в побудительном наклонении. Не начинай с вопроса. 
Напиши рекламное SMS для следующего продукта:
«Онлайн-кредит для бизнеса. Подходит для любых бизнес-целей: реализации контрактов, покупки оборудования, финансирования расходов, рефинансирования кредитов в других банках. Срок — до 3 лет. Сумма — от 100 000 рублей до 5 000 000 рублей. Ставка — от 35,5% до 38,5% годовых. Для оформления нужно подать заявку онлайн в интернет-банке СберБизнес.».
Не изменяй название продукта: «онлайн-кредит».
Преимущества:
«Решение по заявке и выдача — от 3 минут.

Без посещения офиса банка.

Без залога.

Возможно снизить ставку на 2% для ООО, на 3% для ИП.».
ОБЯЗАТЕЛЬНО включи в SMS:
1. надежность, стабильность, опыт.
2. репутация, персонал, рекомендация.
3. управление, сотрудники, команда, компания, штат, корпоративный.
Убедись, что написал не меньше трех и не больше четырех предложений суммарной длиной от 160 до 250 знаков с учетом пробелов.
Убедись, что SMS начинается с указания на пользу продукта и использования глагола в побудительном наклонении и не начинается с вопроса.
Убедись, что в SMS без изменений, синонимов и перестановок слов используется наименование продукта: «онлайн-кредит».
Убедись, что в SMS есть следующая ключевая информация: «Оформление онлайн и деньги на счёте от 3 минут.».","Напиши три или четыре предложения суммарной длиной от 160 до 250 знаков с учетом пробелов. Начни SMS с указания на пользу продукта. Используй глагол в побудительном наклонении. Не начинай с вопроса. Напиши рекламное SMS для следующего продукта:
«Онлайн-кредит для бизнеса. Подходит для любых бизнес-целей: реализации контрактов, покупки оборудования, финансирования расходов, рефинансирования кредитов в других банках. Срок — до 3 лет. Сумма — от 100 000 рублей до 5 000 000 рублей. Ставка — от 35,5% до 38,5% годовых. Для оформления нужно подать заявку онлайн в интернет-банке СберБизнес.».
Не изменяй название продукта: «онлайн-кредит».
Преимущества:
«Решение по заявке и выдача — от 3 минут. Без посещения офиса банка. Без залога. Возможно снизить ставку на 2% для ООО, на 3% для ИП.».
ОБЯЗАТЕЛЬНО включи в SMS:
1. надежность, стабильность, опыт.
2. репутация, персонал, рекомендация.
3. управление, сотрудники, команда, компания, штат, корпоративный.
Убедись, что написал не меньше трех и не больше четырех предложений суммарной длиной от 160 до 250 знаков с учетом пробелов.
Убедись, что SMS начинается с указания на пользу продукта и использования глагола в побудительном наклонении и не начинается с вопроса.
Убедись, что в SMS без изменений, синонимов и перестановок слов используется наименование продукта: «онлайн-кредит».
Убедись, что в SMS есть следующая ключевая информация: «Оформление онлайн и деньги на счёте от 3 минут.».","Ускорьте развитие вашего бизнеса с надёжным онлайн-кредитом от Сбербанка! Оформите кредит онлайн и получите деньги на счёт всего за 3 минуты. Наши опытные специалисты помогут вам выбрать оптимальные условия кредитования.

------
Количество знаков: 220",,Ускорьте развитие своего бизнеса с надёжным онлайн-кредитом от Сбера! Оформите его в интернет-банке и получите скидку на ставку до 3%. Зачисление средств — от 3 минут.
1737728939.8314695,онлайн-кредит,"Онлайн-кредит для бизнеса. Подходит для любых бизнес-целей: реализации контрактов, покупки оборудования, финансирования расходов, рефинансирования кредитов в других банках. Срок — до 3 лет. Сумма — от 100 000 рублей до 5 000 000 рублей. Ставка — от 35,5% до 38,5% годовых. Для оформления нужно подать заявку онлайн в интернет-банке СберБизнес.",онлайн-кредит,"Решение по заявке и выдача — от 3 минут.

Без посещения офиса банка.

Без залога.

Возможно снизить ставку на 2% для ООО, на 3% для ИП.",Оформление онлайн и деньги на счёте от 3 минут.,Не выбрано,X,,,Услуги,ООО,Указание на пользу,SMS для данных параметров персонализации ОТСУТСТВУЕТ в базе,GigaChat-Max (T=1.0),"Напиши три или четыре предложения суммарной длиной от 160 до 250 знаков с учетом пробелов. Начни SMS с указания на пользу продукта. Используй глагол в побудительном наклонении. Не начинай с вопроса. 
Напиши рекламное SMS для следующего продукта:
«Онлайн-кредит для бизнеса. Подходит для любых бизнес-целей: реализации контрактов, покупки оборудования, финансирования расходов, рефинансирования кредитов в других банках. Срок — до 3 лет. Сумма — от 100 000 рублей до 5 000 000 рублей. Ставка — от 35,5% до 38,5% годовых. Для оформления нужно подать заявку онлайн в интернет-банке СберБизнес.».
Не изменяй название продукта: «онлайн-кредит».
Преимущества:
«Решение по заявке и выдача — от 3 минут.

Без посещения офиса банка.

Без залога.

Возможно снизить ставку на 2% для ООО, на 3% для ИП.».
ОБЯЗАТЕЛЬНО включи в SMS:
1. надежность, стабильность, опыт.
2. репутация, персонал, рекомендация.
3. управление, сотрудники, команда, компания, штат, корпоративный.
Убедись, что написал не меньше трех и не больше четырех предложений суммарной длиной от 160 до 250 знаков с учетом пробелов.
Убедись, что SMS начинается с указания на пользу продукта и использования глагола в побудительном наклонении и не начинается с вопроса.
Убедись, что в SMS без изменений, синонимов и перестановок слов используется наименование продукта: «онлайн-кредит».
Убедись, что в SMS есть следующая ключевая информация: «Оформление онлайн и деньги на счёте от 3 минут.».","Напиши три или четыре предложения суммарной длиной от 160 до 250 знаков с учетом пробелов. Начни SMS с указания на пользу продукта. Используй глагол в побудительном наклонении. Не начинай с вопроса. Напиши рекламное SMS для следующего продукта:
«Онлайн-кредит для бизнеса. Подходит для любых бизнес-целей: реализации контрактов, покупки оборудования, финансирования расходов, рефинансирования кредитов в других банках. Срок — до 3 лет. Сумма — от 100 000 рублей до 5 000 000 рублей. Ставка — от 35,5% до 38,5% годовых. Для оформления нужно подать заявку онлайн в интернет-банке СберБизнес.».
Не изменяй название продукта: «онлайн-кредит».
Преимущества:
«Решение по заявке и выдача — от 3 минут. Без посещения офиса банка. Без залога. Возможно снизить ставку на 2% для ООО, на 3% для ИП.».
ОБЯЗАТЕЛЬНО включи в SMS:
1. надежность, стабильность, опыт.
2. репутация, персонал, рекомендация.
3. управление, сотрудники, команда, компания, штат, корпоративный.
Убедись, что написал не меньше трех и не больше четырех предложений суммарной длиной от 160 до 250 знаков с учетом пробелов.
Убедись, что SMS начинается с указания на пользу продукта и использования глагола в побудительном наклонении и не начинается с вопроса.
Убедись, что в SMS без изменений, синонимов и перестановок слов используется наименование продукта: «онлайн-кредит».
Убедись, что в SMS есть следующая ключевая информация: «Оформление онлайн и деньги на счёте от 3 минут.».","Ускорьте развитие вашего бизнеса с надёжным онлайн-кредитом от Сбербанка! Оформите кредит онлайн и получите деньги на счёт всего за 3 минуты. Наши опытные специалисты помогут вам выбрать оптимальные условия кредитования.

------
Количество знаков: 220",,Ускорьте развитие своего бизнеса с надёжным онлайн-кредитом от Сбера! Оформите его в интернет-банке и получите скидку на ставку до 3%. Зачисление средств — от 3 минут.
